error,timestamp,query,tweetDate,content,twitterProfile,tweetUrl
No tweets found,2023-05-16T19:27:17.042Z,#aeroviaecuador,,,,
,2023-05-16T19:29:36.545Z,#aeroviaEcuador,Wed May 20 21:38:58 +0000 2015,Nebot: ni expropiaciones ni demoliciones durante construcci√≥n de Aerov√≠a http://t.co/9b9DRYy3YQ |Ecuador en vivo,https://twitter.com/ultimamiradaec,https://twitter.com/ultimamiradaec/status/601140081844293632
,2023-05-16T19:29:36.545Z,#aeroviaEcuador,Sat Apr 29 03:46:10 +0000 2023,"Introducing Algolia NeuralSearch ‚Äî the only true end-to-end #AI search solution across query understanding, retrieval and ranking. Learn more: https://t.co/YMbjXNJHob",https://twitter.com/algolia,https://twitter.com/algolia/status/1652157299862163457
,2023-05-16T19:29:36.545Z,#aeroviaEcuador,Mon Jun 29 17:12:49 +0000 2020,"Aerov√≠a de Guayaquil tiene 80% de avance https://t.co/pnsJG8aKBm

#planespotting #Guayaquil #Guayaquil #transporte #aerosuspendido #trip #travel #turismo  #southamerica #aerov√≠a #Ecuador https://t.co/UU8uNHgMAg",https://twitter.com/pulsoguayaco,https://twitter.com/pulsoguayaco/status/1277651245826785280
,2023-05-16T19:29:36.545Z,#aeroviaEcuador,Sun Mar 07 18:03:27 +0000 2021,El otro #Guayaquil. El m√°s populoso. El de la pobreza. No el de los adoquines y la Aerov√≠a. #Ecuador,https://twitter.com/Efuentesec,https://twitter.com/Efuentesec/status/1368623343918743553
,2023-05-16T19:29:36.545Z,#aeroviaEcuador,Wed Oct 07 14:07:14 +0000 2020,"LA AEROV√çA DE GUAYAQUIL SE ENCUENTRA EN FASE DE PRUEBAS¬†
En el centro de #Guayaquil se desplazan las cabinas de la aerov√≠a como parte de su fase de pruebas que continuar√° hasta su inauguraci√≥n en¬†Diciembre/2020 .¬†

#aerovia #ecuador https://t.co/4lcljGpiYR",https://twitter.com/elmundoalas2,https://twitter.com/elmundoalas2/status/1313843330200088578
,2023-05-16T19:29:36.545Z,#aeroviaEcuador,Sun Mar 07 00:29:00 +0000 2021,"Monopolio socialcristiano, pas√≥ con los buses que hoy recorren los buses de la @metroviagye. Y ahora pasa con la #AeroV√≠a.
#Ecuador #Guayaquil",https://twitter.com/dante19,https://twitter.com/dante19/status/1368357983911108616
,2023-05-16T19:29:36.545Z,#aeroviaEcuador,Mon Jul 26 19:18:25 +0000 2021,"Feriado üíôüíôüíô. Con mi pr√≠ncipe mayor 
#Guayaquil #feriado #aerov√≠a #Ecuador https://t.co/e9Wwjn6iij",https://twitter.com/sandramoranc,https://twitter.com/sandramoranc/status/1419738900457742338
,2023-05-16T19:29:36.545Z,#aeroviaEcuador,Tue Sep 18 01:58:15 +0000 2018,@Flaiguana @jaimenebotsaadi @MAEGuayas @Ambiente_Ec @alcaldiagye @GyeTurismo @ayudamehenry Como es posible que la @AFD_es @AFD_France d√© financiamiento al proyecto #aerovia #ecuador matando lo poco que nos queda de naturaleza; donde est√° el @Ambiente_Ec Qu√© dice la licencia ambiental con tan irremediable p√©rdida!!! Exigimos se d√© una explicaci√≥n @alcaldiagye,https://twitter.com/Maralcor2,https://twitter.com/Maralcor2/status/1041868974575808513
,2023-05-16T19:29:36.545Z,#aeroviaEcuador,Sun Aug 22 23:14:47 +0000 2021,"Comparto mis fotos de mi linda ciudad Santiago de #Guayaquil tomadas desde la #Aerov√≠a
#Ecuador üá™üá® https://t.co/gVPOGZ9kT7",https://twitter.com/Geova1937_,https://twitter.com/Geova1937_/status/1429582853851996160
,2023-05-16T19:29:36.545Z,#aeroviaEcuador,Mon Mar 20 17:15:00 +0000 2023,Impress website visitors with top-notch performance and reliability on our Dedicated Servers. Start scaling today.,https://twitter.com/inmotionhosting,https://twitter.com/inmotionhosting/status/1637865333519179794
,2023-05-16T19:29:36.545Z,#aeroviaEcuador,Wed Sep 01 18:22:39 +0000 2021,"#Aerov√≠aGye Downtown tour desde el aire es lo mejor. üö†üè¢üá™üá®
#visitguayaquil #guayaquilcity #aerov√≠a #ecuador #visitecuador #buenviaggio #buenviaje #bonvoyage #boaviagem #godspeed https://t.co/oHoEPzdKTQ",https://twitter.com/buenviaggio,https://twitter.com/buenviaggio/status/1433133215020093445
,2023-05-16T19:29:36.545Z,#aeroviaEcuador,Sun Oct 30 21:21:16 +0000 2022,"En Dur√°n tambi√©n hay bastantes brasileros que se cruzaron por la Aerov√≠a.
#Ecuador #Guayaquil",https://twitter.com/LeoBigBoss1995,https://twitter.com/LeoBigBoss1995/status/1586830622294790145
,2023-05-16T19:29:36.545Z,#aeroviaEcuador,Thu Sep 13 23:17:34 +0000 2018,"1/2 Adem√°s se trat√≥ temas de fortalecimiento de la conectividad √°erea entre ambos pa√≠ses, a trav√©s de la Aerov√≠a Ecuador - Tahit√≠. https://t.co/4Ii2PfX4rK",https://twitter.com/DGAC_Ecuador,https://twitter.com/DGAC_Ecuador/status/1040378986633875456
,2023-05-16T19:29:36.545Z,#aeroviaEcuador,Tue Mar 21 09:05:32 +0000 2023,No time to get ready for your meeting? Use xpression camera to be dressed for all occasions.,https://twitter.com/xpression_app,https://twitter.com/xpression_app/status/1638104543014830081
,2023-05-16T19:29:36.545Z,#aeroviaEcuador,Sun Dec 27 20:41:38 +0000 2020,"LA AEROVIA ECUADOR GUAYAQUIL üòÇüòÇüòÇüòÇüòÇüòÇüòÇ SI ERES UN SOBREVIVIENTE DEL COVID,  PUES DEBES DE IR . https://t.co/9qsMfNMGXn",https://twitter.com/danny2545,https://twitter.com/danny2545/status/1343296001805840385
,2023-05-16T19:29:36.545Z,#aeroviaEcuador,Fri Nov 05 13:05:14 +0000 2021,"#Guayaquil | Y su novedosa aerov√≠a podr√≠a ir de ida y vuelta a Dur√°n y no les tomas all√° de los 30 minutos, aparte de ser un medio de transporte se hace un recorrido tur√≠stico muy bonito.
#TurismoEcuador 
#guayaquilcity 
#AeroVia 
#Ecuador https://t.co/N2Hg5NB9hD",https://twitter.com/DODOSAN593,https://twitter.com/DODOSAN593/status/1456608546158784517
,2023-05-16T19:29:36.545Z,#aeroviaEcuador,Tue Sep 18 01:56:37 +0000 2018,Como es posible que la @AFD_es @AFD_France d√© financiamiento al proyecto #aerovia #ecuador matando lo poco que nos queda de naturaleza; donde est√° el @Ambiente_Ec qu√© dice la licencia ambiental con tan irremediable p√©rdida?!!! Exigimos se d√© una explicaci√≥n @alcaldiagye,https://twitter.com/Maralcor2,https://twitter.com/Maralcor2/status/1041868565010436096
,2023-05-16T19:29:36.545Z,#aeroviaEcuador,Tue Sep 25 17:16:25 +0000 2018,"El Dir. General, @CarAlvaMan, se re√∫ne en Lima, con Fabio Rabbani, Director de la Oficina Sudamericana @icao, para abordar el inter√©s de Ecuador de administrar el espacio a√©reo no asignado, por el que atraviesa la aerov√≠a Ecuador-Tahit√≠ (Ruta UN789) que conectar√° Ecuador con Asia https://t.co/wKgFpdl1y9",https://twitter.com/DGAC_Ecuador,https://twitter.com/DGAC_Ecuador/status/1044636755595591682
,2023-05-16T19:29:36.545Z,#aeroviaEcuador,Sun Apr 04 14:05:15 +0000 2021,"La CTE saldr√° de Dur√°n, que con sus propios agentes controlar√° el transporte informal que compite con los buses y la Aerov√≠a | Ecuador | Noticias | El Universo https://t.co/unJ9UaIApP",https://twitter.com/negro475,https://twitter.com/negro475/status/1378710260010090498
,2023-05-16T19:29:36.545Z,#aeroviaEcuador,Fri Dec 25 22:39:20 +0000 2020,All you need is ECUADOR #aerovia #ecuador https://t.co/l3yNen6egY,https://twitter.com/maaadeleinevr,https://twitter.com/maaadeleinevr/status/1342600843711946752
,2023-05-16T19:29:36.545Z,#aeroviaEcuador,Sun Mar 07 15:01:08 +0000 2021,"Calles deterioradas, mal olor y enfermedades son el principal problema de los habitantes del noroeste de Guayaquil ‚ñ∫ https://t.co/rJHNIHNskp https://t.co/6jH8sdwfkB",https://twitter.com/eluniversocom,https://twitter.com/eluniversocom/status/1368577462481850369
,2023-05-16T19:29:36.545Z,#aeroviaEcuador,Mon Dec 28 21:25:14 +0000 2020,¬°As√≠ se ve Guayaquil desde la AEROV√çA! | Ecuador https://t.co/kzGc2usAPX a trav√©s de @YouTube,https://twitter.com/AntonioKure,https://twitter.com/AntonioKure/status/1343669360536281088
,2023-05-16T19:29:36.545Z,#aeroviaEcuador,Mon Sep 17 17:35:50 +0000 2018,"Estamos de luto üñ§

#ElCeiboEresT√∫ #nebotDejamePlantado #guayaquil #gye #arbolesnativos #tala https://t.co/ui95gD09RH",https://twitter.com/Flaiguana,https://twitter.com/Flaiguana/status/1041742537948622848
,2023-05-16T19:29:36.545Z,#aeroviaEcuador,Sat Mar 06 16:23:51 +0000 2021,"¬øQue culpa tienen los taxistas, que est√°n haciendo rutas Duran Duran Guayaquil y viene un Alcalde y hace una aerovia para competir y como no compite les impide entrar a la ciudad? Se√±ora, orden de la Alcaldesa @CynthiaViteri6 , obligada s√∫base a la aerovia, no m√°s taxis. https://t.co/6upqTkNvFV",https://twitter.com/omarmaluk,https://twitter.com/omarmaluk/status/1368235889562882049
,2023-05-16T19:29:36.545Z,#aeroviaEcuador,Sat Feb 20 22:34:46 +0000 2021,"Sobre el cielo en Duran Aerov√≠a, Ecuador con Pokemon Go #PokemonGOTour",https://twitter.com/Ginapenafiel151,https://twitter.com/Ginapenafiel151/status/1363255802803421186
,2023-05-16T19:29:36.545Z,#aeroviaEcuador,Tue May 07 18:23:56 +0000 2019,"Director General #DGAC, Anyelo Acosta, mantiene reuni√≥n con equipo de trabajo de la Vicepresidencia @Vice_Ec, con el objetivo de analizar la hoja de ruta para implementaci√≥n de la aerov√≠a #Ecuador - #Tahit√≠. https://t.co/KL14sbMyL1",https://twitter.com/DGAC_Ecuador,https://twitter.com/DGAC_Ecuador/status/1125828629022121984
,2023-05-16T19:29:38.571Z,#aeroviaEcuador,Wed May 20 21:39:00 +0000 2015,Nebot: ni expropiaciones ni demoliciones durante construcci√≥n de Aerov√≠a http://t.co/Jy1B2aE8xg |Ecuador en vivo,https://twitter.com/WRadioec,https://twitter.com/WRadioec/status/601140088307724288